"locus","allele","freq"
"t1","D10--D6--FCR3--V1-S.0",0.443779198058173
"t1","HB3.0",0.277134498437523
"t1","t1.0",0.0937543779688113
"t1","t1.1",0.0357420135764828
"t1","W2.0",0.149589911959009
"t10","D10--D6--HB3.0",0.867868763745184
"t10","t10.0",0.0162751132167417
"t10","t10.2",0.00820146630537291
"t10","U659.0",0.107654656732702
"t100","D6--U659--V1-S--W2.00",0.601765729083876
"t100","HB3.00",0.0522497564195845
"t100","t100.00",0.136353904577747
"t100","t100.01",0.0498637460482651
"t100","t100.02",0.0200236494563028
"t100","t100.03",0.0603547737964753
"t100","t100.04",0.0293251833339687
"t100","t100.05",0.0297935410058442
"t100","t100.07",0.020269716277937
"t11","D10--FCR3--HB3--V1-S.00",0.193207928855378
"t11","t11.00",0.253592371478399
"t11","t11.01",0.0740120362992205
"t11","t11.02",0.0355624407108132
"t11","t11.03",0.0268926238737225
"t11","t11.04",0.0268934959891722
"t11","t11.05",0.0268934959891722
"t11","t11.06",0.017778893029953
"t11","t11.07",0.0174276272161846
"t11","t11.08",0.0175657753210031
"t11","t11.10",0.00871367995808744
"t11","t11.11",0.0175657753210031
"t11","t11.12",0.00867977423124689
"t11","t11.13",0.00871367995808744
"t11","U659.00",0.239828339116361
"t11","W2.00",0.0266720626521953
"t12","D10--FCR3--V1-S--W2.0",0.286326379430699
"t12","D6--HB3--U659.0",0.468199596513034
"t12","t12.0",0.16435218688386
"t12","t12.1",0.054830527619591
"t12","t12.2",0.00876376985093881
"t12","t12.3",0.00876376985093881
"t12","t12.4",0.00876376985093881
"t13","D10--D6--FCR3--V1-S.00",0.371149756698338
"t13","HB3.00",0.0665946983196999
"t13","t13.00",0.249833245927935
"t13","t13.01",0.105393767306308
"t13","t13.02",0.0353543603634626
"t13","t13.03",0.00890842024073131
"t13","t13.04",0.0262025329350643
"t13","t13.05",0.00876829588744563
"t13","t13.06",0.00880277300769841
"t13","U659.00",0.0634499200657684
"t13","W2.00",0.0555422292475484
"t14","D10--D6--U659.00",0.819729010112752
"t14","HB3.00",0.0515539694508946
"t14","t14.00",0.0169029892115525
"t14","t14.01",0.0349421263165386
"t14","t14.02",0.0259807578121307
"t14","t14.03",0.0173165375905215
"t14","t14.04",0.016770926721386
"t14","t14.05",0.00838546336069302
"t14","t14.06",0.0084182194235311
"t15","D10.0",0.0378205067844494
"t15","D6--U659.0",0.205082414623468
"t15","FCR3--V1-S.0",0.320139103775628
"t15","HB3--W2.0",0.381018619856121
"t15","t15.0",0.0280058125937688
"t15","t15.1",0.0188200225089553
"t15","t15.2",0.00911351985760971
"t16","D6.00",0.300058209591515
"t16","t16.00",0.282711329691304
"t16","t16.01",0.0436972873559119
"t16","t16.02",0.0822911888611508
"t16","t16.03",0.0727675915010449
"t16","t16.04",0.0435041837486289
"t16","t16.05",0.0172526368407491
"t16","t16.06",0.017114188225557
"t16","t16.07",0.0172526368407491
"t16","t16.08",0.00848846594192542
"t16","U659.00",0.0348020636830135
"t16","V1-S--W2.00",0.0800602177184508
"t17","D10--HB3--U659.0",0.744639937146235
"t17","D6.0",0.255360062853765
"t18","D6--HB3--U659.0",0.526982629271902
"t18","t18.0",0.446978708742919
"t18","t18.1",0.00863383828416713
"t18","t18.2",0.0174048237010121
"t19","D10--FCR3--HB3--V1-S--W2.0",0.0255660029043374
"t19","D6--U659.0",0.802159258906647
"t19","t19.0",0.112004678714697
"t19","t19.1",0.0431575970194941
"t19","t19.2",0.0171124624548251
"t20","D10--FCR3--HB3--V1-S.0",0.39549872679033
"t20","D6.0",0.103126216916663
"t20","t20.0",0.192831091932864
"t20","t20.1",0.02392728377585
"t20","U659.0",0.284616680584293
"t22","D10--FCR3--V1-S--W2.0",0.712153529489965
"t22","HB3--U659.0",0.168032412765498
"t22","t22.0",0.0430083782089326
"t22","t22.1",0.0256848788375036
"t22","t22.2",0.0257912279765391
"t22","t22.3",0.0169776864796513
"t22","t22.4",0.00835188624191096
"t23","D6--HB3.0",0.0697848773681849
"t23","FCR3--V1-S--W2.0",0.136485688986239
"t23","t23.0",0.0605023006854207
"t23","t23.1",0.00811378786256788
"t23","U659.0",0.725113345097588
"t24","D10.0",0.0891586493008615
"t24","D6.0",0.433287085785196
"t24","FCR3--HB3--V1-S--W2.0",0.283887622759994
"t24","t24.0",0.0244387077418973
"t24","t24.1",0.0323286186256251
"t24","U659.0",0.136899315786426
"t27","D10--FCR3--U659--V1-S.0",0.0400067881783428
"t27","D6--W2.0",0.762904771741149
"t27","HB3.0",0.114903568605483
"t27","t27.0",0.0496285546009116
"t27","t27.1",0.0244922078082911
"t27","t27.2",0.00806410906582283
"t28","D10--D6--W2.0",0.19232862107525
"t28","FCR3--HB3--V1-S.0",0.112814075629758
"t28","t28.0",0.178572112812778
"t28","t28.1",0.00834473616332512
"t28","U659.0",0.507940454318888
"t29","D10--W2.00",0.0561559831949142
"t29","D6--FCR3--HB3--V1-S.00",0.424966016478273
"t29","t29.00",0.106836471180764
"t29","t29.01",0.0857893656336636
"t29","t29.02",0.0644398022610023
"t29","t29.03",0.0181069897192204
"t29","t29.04",0.0458221251668715
"t29","t29.05",0.018178946058807
"t29","t29.06",0.036515285699967
"t29","t29.07",0.0277154161778229
"t29","t29.08",0.00905330785512455
"t29","t29.09",0.018325765393207
"t29","t29.10",0.00905330785512455
"t29","U659.00",0.0790412173252383
"t3","D10--D6--FCR3--HB3.0",0.301892490033429
"t3","t3.0",0.0602047208596038
"t3","t3.1",0.00945959325652985
"t3","t3.2",0.00942278511272364
"t3","U659--W2.0",0.32535664915275
"t3","V1-S.0",0.293663761584964
"t30","D10--W2.00",0.0191028419219397
"t30","D6--U659.00",0.266356399067536
"t30","FCR3.00",0.00928468716901339
"t30","HB3.00",0.176752954204037
"t30","t30.00",0.141493935061781
"t30","t30.01",0.112188919974689
"t30","t30.02",0.114863168943796
"t30","t30.03",0.0283094757793236
"t30","t30.04",0.0571027465845933
"t30","t30.05",0.0374406589509992
"t30","t30.07",0.0186435532646614
"t30","t30.08",0.00924832257393005
"t30","V1-S.00",0.00921233650370103
"t31","D6.0",0.420257197345199
"t31","FCR3.0",0.0268609602561671
"t31","HB3.0",0.295339403387846
"t31","t31.0",0.0364076866647396
"t31","t31.1",0.027078500614941
"t31","U659--V1-S.0",0.194056251731107
"t32","D10--FCR3--V1-S--W2.0",0.0376895791434151
"t32","D6--U659.0",0.837588141368446
"t32","HB3.0",0.0188425375459458
"t32","t32.0",0.0780647860498254
"t32","t32.1",0.0278149558923682
"t33","D10--U659.0",0.102013912234259
"t33","D6.0",0.0171725077018121
"t33","FCR3--W2.0",0.134005130100806
"t33","HB3.0",0.364149699215867
"t33","t33.0",0.0692958288374749
"t33","t33.1",0.0440284195294703
"t33","t33.2",0.0257601262122188
"t33","t33.3",0.016969739578726
"t33","V1-S.0",0.226604636589366
"t36","D10--D6--FCR3--HB3--V1-S--W2.0",0.147071161137977
"t36","t36.1",0.00815030755005089
"t36","t36.2",0.00818214502578426
"t36","t36.3",0.00824682181655799
"t36","U659.0",0.82834956446963
"t37","D10--D6--W2.0",0.109571948766344
"t37","FCR3--HB3--U659--V1-S.0",0.890428051233656
"t38","D10--FCR3.0",0.21486583035401
"t38","D6--HB3--U659--V1-S.0",0.708766553323446
"t38","t38.0",0.0346447919530903
"t38","t38.1",0.0164892947736515
"t38","W2.0",0.0252335295958027
"t39","D10--D6--U659--V1-S--W2.00",0.212237212104422
"t39","FCR3.00",0.120871965245834
"t39","HB3.00",0.194782024634755
"t39","t39.00",0.164887965503214
"t39","t39.01",0.120393015515634
"t39","t39.02",0.0539634388113801
"t39","t39.03",0.0449623860406106
"t39","t39.04",0.0265174412539751
"t39","t39.05",0.0346485982608081
"t39","t39.06",0.0267359526293663
"t4","D6.00",0.0969317879030525
"t4","FCR3--V1-S--W2.00",0.145257510278294
"t4","HB3.00",0.0570943486732973
"t4","t4.00",0.142778305173585
"t4","t4.01",0.0884191958932232
"t4","t4.02",0.00904889340469846
"t4","t4.03",0.00904889340469846
"t4","t4.04",0.0282767701501301
"t4","t4.05",0.0561129845541086
"t4","t4.06",0.00904889340469846
"t4","t4.07",0.0367883058105883
"t4","t4.08",0.0372391821890232
"t4","t4.09",0.0273638639907761
"t4","t4.10",0.027147515772508
"t4","t4.11",0.0279253660994918
"t4","t4.12",0.0090136833316335
"t4","t4.13",0.00908447384017567
"t4","t4.14",0.0183158413186316
"t4","t4.15",0.0181696947931098
"t4","t4.16",0.0181693229768474
"t4","t4.17",0.0090136833316335
"t4","t4.19",0.0090136833316335
"t4","t4.21",0.00904889340469846
"t4","t4.22",0.00904889340469846
"t4","t4.23",0.00915677096869431
"t4","t4.24",0.00904889340469846
"t4","t4.25",0.00919350192983958
"t4","t4.26",0.00912042151665751
"t4","U659.00",0.0561204257448757
"t42","D10--D6--U659.0",0.869854076719783
"t42","FCR3--V1-S--W2.0",0.0246508619198085
"t42","HB3.0",0.105495061360408
"t43","D10.00",0.0174504218335578
"t43","D6--FCR3--V1-S--W2.00",0.0634747261160006
"t43","t43.00",0.718655658996396
"t43","t43.01",0.0438073290311122
"t43","t43.03",0.00858778877119384
"t43","t43.04",0.0261748375780195
"t43","t43.05",0.0264984760325552
"t43","t43.06",0.0173111806993124
"t43","t43.07",0.0174504218335578
"t43","t43.08",0.00865523444373394
"t43","t43.09",0.00858778877119384
"t43","t43.10",0.00862133517602914
"t43","t43.11",0.00872411554878708
"t43","t43.12",0.00872411554878708
"t43","t43.13",0.00862133517602914
"t43","t43.14",0.00865523444373394
"t44","D6--FCR3--V1-S.0",0.10730758713087
"t44","HB3--U659.0",0.632129393176485
"t44","t44.0",0.111841925241411
"t44","t44.1",0.03476244650605
"t44","t44.2",0.0537718887713271
"t44","t44.3",0.0259573823473559
"t44","t44.4",0.0258509146153488
"t44","t44.5",0.00837846221115281
"t45","D10--D6--HB3--V1-S.0",0.158792466410158
"t45","FCR3.0",0.265678804848294
"t45","t45.0",0.0804011294373158
"t45","t45.1",0.0691538724929294
"t45","t45.2",0.0195096608671792
"t45","W2.0",0.406464065944124
"t46","D10--FCR3--V1-S--W2.0",0.00879089920340524
"t46","D6.0",0.2012644945508
"t46","HB3.0",0.36343975788168
"t46","t46.0",0.308988302102726
"t46","t46.1",0.0454080233197562
"t46","t46.2",0.00879089920340524
"t46","U659.0",0.0633176237382275
"t47","D10--FCR3--U659.0",0.314124580434083
"t47","D6--HB3--V1-S--W2.0",0.218549638403701
"t47","t47.0",0.209299583032637
"t47","t47.1",0.109586463730069
"t47","t47.2",0.0846389655122646
"t47","t47.3",0.0319488206501179
"t47","t47.4",0.0160373813738911
"t47","t47.5",0.00792279872914318
"t47","t47.6",0.00789176813409269
"t48","D6--U659.0",0.725443505693777
"t48","t48.0",0.274556494306223
"t5","D6.00",0.644676301413966
"t5","HB3--U659.00",0.239502609415635
"t5","t5.00",0.0447854995509404
"t5","t5.01",0.0266526096821736
"t5","t5.02",0.0267593070249099
"t5","t5.03",0.0088118364561875
"t5","t5.05",0.0088118364561875
"t50","D10--FCR3--HB3--V1-S--W2.0",0.81131436397535
"t50","D6--U659.0",0.18868563602465
"t51","D10--V1-S--W2.0",0.368614168568433
"t51","D6--FCR3.0",0.0916123294384634
"t51","HB3--U659.0",0.270267743505054
"t51","t51.0",0.225688780560765
"t51","t51.1",0.0351712528186346
"t51","t51.3",0.00864572510864996
"t52","D10.0",0.456158128539636
"t52","D6--HB3--U659.0",0.272033458368072
"t52","FCR3--V1-S--W2.0",0.138744692419706
"t52","t52.0",0.049421231571168
"t52","t52.1",0.0673059825452383
"t52","t52.2",0.0163365065561796
"t53","D10.00",0.0265634185115127
"t53","D6--HB3--U659.00",0.36283972429261
"t53","FCR3.00",0.00864302049106615
"t53","t53.00",0.212688217528811
"t53","t53.01",0.0636190729516607
"t53","t53.02",0.103380358209146
"t53","t53.03",0.0636241390692179
"t53","t53.04",0.0446604945834744
"t53","t53.05",0.0437409953327926
"t53","t53.06",0.0260323635015429
"t53","t53.07",0.00864302049106615
"t53","t53.08",0.00878114284372073
"t53","W2.00",0.0267840321933796
"t54","D10--FCR3--V1-S--W2.0",0.0263610716253858
"t54","D6--HB3.0",0.126057273306031
"t54","t54.0",0.0930982509698787
"t54","t54.1",0.0351531814796721
"t54","U659.0",0.719330222619032
"t55","D10--FCR3--V1-S--W2.0",0.0461808240473934
"t55","D6.0",0.636109965963624
"t55","HB3--U659.0",0.252450643857985
"t55","t55.0",0.0561384884610591
"t55","t55.1",0.00912007766993889
"t57","D10.0",0.0090253286073447
"t57","D6.0",0.0371735369685012
"t57","FCR3--U659.0",0.917765046212201
"t57","HB3--V1-S--W2.0",0.0178382727772238
"t57","t57.0",0.0181978154347289
"t58","D6.0",0.421178516154401
"t58","HB3--U659.0",0.527933143442602
"t58","t58.0",0.0427528584972261
"t58","t58.1",0.00813548190577026
"t59","D6--HB3--U659.0",0.658886917322405
"t59","FCR3.0",0.172620214059873
"t59","t59.0",0.168492868617723
"t6","D6--FCR3.00",0.253021190071389
"t6","HB3.00",0.177229952742745
"t6","t6.00",0.0250539495708361
"t6","t6.01",0.0247463621464087
"t6","t6.02",0.0335433598339893
"t6","t6.03",0.0249476241744249
"t6","t6.04",0.0252571245116695
"t6","t6.06",0.0082480023852639
"t6","t6.07",0.016835922239669
"t6","t6.08",0.00828108796272073
"t6","U659.00",0.0701683213890366
"t6","V1-S.00",0.246121838995365
"t6","W2.00",0.0865452639764819
"t60","D10--FCR3--V1-S.0",0.144573322509448
"t60","D6--HB3--U659.0",0.659911384666698
"t60","W2.0",0.195515292823855
"t61","D10--FCR3--V1-S--W2.0",0.0175690572921616
"t61","D6.0",0.124233696487934
"t61","HB3.0",0.425455909817656
"t61","t61.0",0.0446433953998922
"t61","t61.1",0.00874994224387969
"t61","U659.0",0.379347998758477
"t62","D10--FCR3.0",0.0723087371285773
"t62","D6--W2.0",0.0266360408087298
"t62","HB3--U659--V1-S.0",0.130894996924404
"t62","t62.0",0.69076304971679
"t62","t62.1",0.0264209552780841
"t62","t62.2",0.0175401674146058
"t62","t62.3",0.017609264254151
"t62","t62.4",0.017826788474657
"t63","D10--FCR3--W2.0",0.185040960700729
"t63","D6.0",0.263768890035062
"t63","HB3--U659.0",0.0448025610753987
"t63","t63.0",0.424303732755153
"t63","t63.1",0.0463236686604139
"t63","t63.2",0.017844305416623
"t63","t63.4",0.0179158813566205
"t64","D10--FCR3.00",0.430040495844846
"t64","D6--V1-S--W2.00",0.0371199153683165
"t64","t64.00",0.143331824120135
"t64","t64.01",0.056872436370026
"t64","t64.02",0.0380497991800925
"t64","t64.03",0.0278359086308674
"t64","t64.04",0.0183331011401473
"t64","t64.05",0.0186292672824915
"t64","t64.06",0.00909493261662354
"t64","t64.07",0.00920263293897758
"t64","t64.08",0.00927637209854548
"t64","t64.09",0.00913046007306616
"t64","t64.10",0.0091663612303655
"t64","U659.00",0.183916493105499
"t65","D10--U659.0",0.460863887018029
"t65","FCR3--V1-S--W2.0",0.186685048905592
"t65","HB3.0",0.17113754125593
"t65","t65.0",0.122815391485797
"t65","t65.1",0.0584981313346519
"t66","D10--D6--HB3.0",0.0968811098449444
"t66","FCR3--V1-S--W2.0",0.0321093807244911
"t66","t66.0",0.023784904213065
"t66","t66.1",0.00792754690657043
"t66","U659.0",0.839297058310929
"t67","D10--HB3--W2.0",0.0957679589949104
"t67","D6.0",0.685156175462174
"t67","FCR3--V1-S.0",0.0321890395528552
"t67","U659.0",0.18688682599006
"t68","D10--FCR3--HB3--V1-S.00",0.480639437174149
"t68","D6.00",0.107072714922517
"t68","t68.00",0.140773797385645
"t68","t68.01",0.126142578231145
"t68","t68.02",0.0962434499194591
"t68","t68.03",0.00981021542706809
"t68","t68.04",0.0196973760858806
"t68","t68.05",0.0196204308541362
"t69","D10--D6--HB3--V1-S.0",0.512316104139839
"t69","t69.0",0.0174014392676794
"t69","t69.1",0.017894185030813
"t69","U659.0",0.452388271561668
"t7","D10--HB3--U659.0",0.248647185249241
"t7","D6--V1-S--W2.0",0.552650369497727
"t7","FCR3.0",0.0163067118327606
"t7","t7.0",0.124962846059503
"t7","t7.1",0.024557140613565
"t7","t7.2",0.0328757467472037
"t70","D10--HB3--U659--W2.0",0.391163491058875
"t70","D6.0",0.600164314338704
"t70","t70.0",0.00867219460242029
"t71","D10--U659--W2.00",0.387854719591066
"t71","FCR3.00",0.261010751944516
"t71","HB3.00",0.12547197868579
"t71","t71.00",0.0701037372289001
"t71","t71.01",0.0621256365222559
"t71","t71.02",0.0084719541536819
"t71","t71.03",0.0084719541536819
"t71","t71.04",0.0168778043175783
"t71","t71.05",0.0085736310359479
"t71","t71.06",0.0171489854014518
"t71","t71.08",0.00840593668768042
"t71","t71.09",0.0084719541536819
"t71","t71.10",0.00850547806188434
"t71","t71.12",0.00850547806188434
"t72","D10--FCR3--V1-S.0",0.518332353324002
"t72","HB3--W2.0",0.212922514868371
"t72","t72.0",0.0909361810499105
"t72","t72.1",0.0346437619827283
"t72","t72.3",0.00845410688841071
"t72","t72.4",0.00852050266734829
"t72","U659.0",0.126190579219228
"t73","D6.00",0.0979680805110405
"t73","HB3.00",0.0168268783383786
"t73","t73.00",0.140322237751684
"t73","t73.01",0.069957044966085
"t73","t73.02",0.0344963164094719
"t73","t73.03",0.0823606438616779
"t73","t73.04",0.0519772063261385
"t73","t73.05",0.0250411633968371
"t73","t73.06",0.0522006277742997
"t73","t73.07",0.0169613639637573
"t73","t73.09",0.00834679755622746
"t73","t73.10",0.00837961733634958
"t73","t73.11",0.0083143194024169
"t73","t73.12",0.0340767528470484
"t73","t73.13",0.0166938511580153
"t73","t73.14",0.0168261826493304
"t73","t73.15",0.0170303272106189
"t73","t73.16",0.0166938511580153
"t73","t73.17",0.0168947309600559
"t73","t73.19",0.0169620766075981
"t73","t73.20",0.0172406999211414
"t73","t73.21",0.0083143194024169
"t73","t73.22",0.0083143194024169
"t73","t73.23",0.00834679755622746
"t73","t73.24",0.0083143194024169
"t73","t73.26",0.00834679755622746
"t73","t73.27",0.00834679755622746
"t73","U659.00",0.184445879017879
"t74","D6--HB3.0",0.0512199814660324
"t74","t74.0",0.0904182029618081
"t74","t74.1",0.0261371180433382
"t74","t74.2",0.0259217027129287
"t74","U659.0",0.0169310381207585
"t74","V1-S--W2.0",0.789371956695134
"t75","D10--FCR3--U659--V1-S--W2.0",0.738959496068988
"t75","D6--HB3.0",0.237464541635008
"t75","t75.0",0.0158011122355896
"t75","t75.1",0.00777485006041479
"t77","D10--D6.00",0.439879545186324
"t77","FCR3--U659--V1-S--W2.00",0.164536000900361
"t77","t77.00",0.276595909791334
"t77","t77.01",0.0371381512696089
"t77","t77.02",0.0274034242962546
"t77","t77.03",0.0181247929403329
"t77","t77.04",0.00902699539981493
"t77","t77.05",0.00902699539981493
"t77","t77.08",0.00917029435918543
"t77","t77.09",0.00909789045696854
"t78","D6--HB3--U659--V1-S.0",0.696183043698635
"t78","FCR3--W2.0",0.053624474371794
"t78","t78.0",0.180402015846395
"t78","t78.1",0.0527207336490875
"t78","t78.2",0.00856825014194377
"t78","t78.3",0.00850148229214467
"t79","D10--D6--FCR3--HB3--V1-S.0",0.499446130646921
"t79","t79.0",0.165842583131497
"t79","t79.1",0.0282138899585293
"t79","t79.2",0.0185879437630237
"t79","t79.3",0.0188087636338099
"t79","t79.4",0.00929397188151184
"t79","U659--W2.0",0.259806716984707
"t8","D10--HB3--U659--W2.00",0.257060185820612
"t8","D6.00",0.142705945726214
"t8","FCR3.00",0.177536800318303
"t8","t8.00",0.0927103839615489
"t8","t8.01",0.0454693126543881
"t8","t8.02",0.0555421526811332
"t8","t8.03",0.0175905227924715
"t8","t8.05",0.00872472311608559
"t8","V1-S.00",0.202659972929243
"t80","D10--FCR3--V1-S--W2.00",0.00941163903193411
"t80","D6--U659.00",0.778685050474816
"t80","t80.00",0.0593962839663447
"t80","t80.01",0.0672654805966408
"t80","t80.02",0.0191277579713318
"t80","t80.03",0.0379525944978071
"t80","t80.04",0.00941163903193411
"t80","t80.05",0.00937477721459587
"t80","t80.06",0.00937477721459587
"t81","D10--D6--HB3--V1-S.0",0.454252113827784
"t81","FCR3--U659.0",0.441355912719347
"t81","t81.0",0.0348191632303826
"t81","t81.1",0.0171920040356529
"t81","t81.2",0.0171233200661178
"t81","W2.0",0.0352574861207149
"t83","D6--U659.0",0.926631847849116
"t83","t83.0",0.0733681521508836
"t84","D10--HB3.00",0.209100823657806
"t84","D6.00",0.0933350799696807
"t84","FCR3--V1-S.00",0.248321251918816
"t84","t84.00",0.0899688909659874
"t84","t84.01",0.0352043157085317
"t84","t84.02",0.00858815418621932
"t84","t84.03",0.0347665906692472
"t84","t84.04",0.0436387274736391
"t84","t84.05",0.0263964911722918
"t84","t84.06",0.0173134456262127
"t84","t84.07",0.00869053898747569
"t84","W2.00",0.184675689664093
"t85","D10--FCR3--HB3--U659--V1-S--W2.0",0.836872824353222
"t85","D6.0",0.0343071413596412
"t85","t85.0",0.0613899063876533
"t85","t85.1",0.0425323236988928
"t85","t85.2",0.0248978042005903
"t86","D6--U659.0",0.934147156277818
"t86","HB3.0",0.0409701451791974
"t86","t86.0",0.0248826985429846
"t87","D6.0",0.0436931953584279
"t87","HB3.0",0.122544511701307
"t87","t87.0",0.00859048222026871
"t87","U659.0",0.825171810719997
"t88","D10--FCR3--HB3--V1-S--W2.0",0.800679880222339
"t88","D6--U659.0",0.0510025418305156
"t88","t88.0",0.131321166421614
"t88","t88.1",0.0169964115255318
"t89","D10--D6--U659--V1-S--W2.0",0.769909895015178
"t89","FCR3.0",0.0248744618660263
"t89","HB3.0",0.13908857631253
"t89","t89.0",0.0248744618660263
"t89","t89.1",0.016513601314932
"t89","t89.2",0.00815986362907928
"t89","t89.4",0.00825649105670975
"t89","t89.5",0.00832264893951773
"t9","D10.0",0.00897601428833847
"t9","D6--FCR3--U659--V1-S.0",0.423788915020026
"t9","HB3.0",0.225943320360083
"t9","t9.0",0.116743628522196
"t9","t9.1",0.00890606894782318
"t9","t9.2",0.0089408586477535
"t9","W2.0",0.20670119421378
"t90","D6.0",0.096784639867142
"t90","t90.0",0.424009983254928
"t90","t90.1",0.026642870346813
"t90","t90.2",0.00880821098724988
"t90","U659.0",0.443754295543867
"t91","D6--U659.0",0.142287497838233
"t91","HB3.0",0.841535045665274
"t91","t91.0",0.0161774564964933
"t92","D10--D6--FCR3--U659--V1-S--W2.0",0.385409639424772
"t92","HB3.0",0.14798455907339
"t92","t92.0",0.466605801501837
"t93","D10--D6--W2.00",0.333038641170138
"t93","FCR3--U659--V1-S.00",0.392212879882793
"t93","HB3.00",0.0679851094345807
"t93","t93.00",0.0994208823610399
"t93","t93.01",0.0214393894463961
"t93","t93.02",0.0325579545002912
"t93","t93.03",0.021354964539876
"t93","t93.04",0.0106770432266121
"t93","t93.05",0.010593842665629
"t93","t93.06",0.0107192927726448
"t94","D10--D6--FCR3.0",0.538381058703303
"t94","HB3.0",0.0367219875236236
"t94","t94.2",0.00896278643020138
"t94","U659.0",0.0183585905517238
"t94","V1-S--W2.0",0.397575576791148
"t95","D6--U659.0",0.245774956726675
"t95","HB3.0",0.54780591137095
"t95","t95.0",0.11803952987996
"t95","t95.1",0.0883796020224159
"t97","D10.0",0.202494769740044
"t97","D6--FCR3--HB3--U659--V1-S--W2.0",0.239019029074859
"t97","t97.0",0.397607085101488
"t97","t97.1",0.0678048500996476
"t97","t97.2",0.0468020131093172
"t97","t97.3",0.0276314592501274
"t97","t97.4",0.018640793624517
"t98","D6.0",0.770328413982899
"t98","FCR3--HB3--U659.0",0.229671586017101
"t99","D6.00",0.221982864490069
"t99","HB3.00",0.108030719421468
"t99","t99.00",0.186663731505711
"t99","t99.01",0.188915846942776
"t99","t99.02",0.071991325763936
"t99","t99.03",0.017108245294651
"t99","t99.04",0.0263980723471254
"t99","t99.05",0.0347762802770832
"t99","t99.06",0.00852070708239953
"t99","t99.09",0.0175958248391893
"t99","t99.10",0.00852070708239953
"t99","U659.00",0.0173845897811478
"t99","V1-S--W2.00",0.0921110851720442
